Country,Year,Share below $6.85 a day
Albania,1996,47.879143
Albania,2002,52.090965
Albania,2005,40.42843
Albania,2008,33.43185
Albania,2012,36.66775
Albania,2014,38.743828
Albania,2015,25.443327
Albania,2016,25.484667
Albania,2017,25.540997
Albania,2018,18.16096
Albania,2019,14.901863
Albania,2020,13.671991
Algeria,1988,63.647186
Algeria,1995,61.10342
Algeria,2011,36.57495
Angola,2000,67.183624
Angola,2008,68.875496
Angola,2018,77.9747
Argentina (urban),1980,5.5264745
Argentina (urban),1986,4.7700963
Argentina (urban),1987,7.6221986
Argentina (urban),1991,14.321322
Argentina (urban),1992,14.871609
Argentina (urban),1993,15.070401
Argentina (urban),1994,15.682352
Argentina (urban),1995,20.479204
Argentina (urban),1996,22.40096
Argentina (urban),1997,21.345516
Argentina (urban),1998,23.296013
Argentina (urban),1999,24.224958
Argentina (urban),2000,26.296562
Argentina (urban),2001,31.067228
Argentina (urban),2002,44.379776
Argentina (urban),2003,29.723225
Argentina (urban),2004,24.87226
Argentina (urban),2005,20.96271
Argentina (urban),2006,16.90294
Argentina (urban),2007,15.574546
Argentina (urban),2008,14.229776
Argentina (urban),2009,12.876199
Argentina (urban),2010,11.352111
Argentina (urban),2011,9.113624
Argentina (urban),2012,8.573745
Argentina (urban),2013,8.556145
Argentina (urban),2014,9.471329
Argentina (urban),2016,9.214451
Argentina (urban),2017,8.248114
Argentina (urban),2018,10.352661
Argentina (urban),2019,12.007797
Argentina (urban),2020,15.376961
Argentina (urban),2021,11.43252
Argentina (urban),2022,10.907661
Armenia,1999,82.30976
Armenia,2001,83.79924
Armenia,2002,82.89501
Armenia,2003,82.57592
Armenia,2004,73.488144
Armenia,2005,67.46391
Armenia,2006,62.80611
Armenia,2007,55.97316
Armenia,2008,52.14972
Armenia,2009,60.747547
Armenia,2010,62.107162
Armenia,2011,59.254326
Armenia,2012,55.248005
Armenia,2013,53.08642
Armenia,2014,51.051277
Armenia,2015,46.677456
Armenia,2016,42.42208
Armenia,2017,48.653297
Armenia,2018,48.859188
Armenia,2019,52.102097
Armenia,2020,53.236137
Armenia,2021,51.7407
Armenia,2022,51.25865
Australia,1981,1.7476741
Australia,1985,2.0314646
Australia,1989,1.9927241
Australia,1995,1.7497686
Australia,2001,1.4768275
Australia,2003,1.7475827
Australia,2004,1.2478644
Australia,2008,0.66945297
Australia,2010,1.0081148
Australia,2014,0.9969854
Australia,2016,0.98910433
Australia,2018,0.98426986
Austria,1994,0.99950844
Austria,1995,0.9946459
Austria,1996,0.49273017
Austria,1997,0.727836
Austria,1998,0.99647987
Austria,1999,0.49730566
Austria,2000,0.6452591
Austria,2003,0.651944
Austria,2004,0.4237352
Austria,2005,0.45072752
Austria,2006,0.4761546
Austria,2007,0.7752975
Austria,2008,0.9854
Austria,2009,1.0074811
Austria,2010,0.8140199
Austria,2011,1.03259
Austria,2012,1.0696512
Austria,2013,0.66714346
Austria,2014,0.7315986
Austria,2015,1.0127518
Austria,2016,1.3268404
Austria,2017,0.68288296
Austria,2018,1.151737
Austria,2019,0.8497127
Austria,2020,1.0466111
Austria,2021,1.1293216
Azerbaijan,1995,77.74079
Azerbaijan,2001,70.99665
Azerbaijan,2002,48.45349
Azerbaijan,2003,44.57882
Azerbaijan,2004,42.322376
Azerbaijan,2005,31.346401
Bangladesh,1983,97.777115
Bangladesh,1985,96.52872
Bangladesh,1988,96.9539
Bangladesh,1991,97.379425
Bangladesh,1995,93.74934
Bangladesh,2000,92.9599
Bangladesh,2005,90.87791
Bangladesh,2010,89.35676
Bangladesh,2016,86.90296
Bangladesh,2022,74.09567
Belarus,1998,90.09006
Belarus,1999,87.984795
Belarus,2000,84.39743
Belarus,2001,73.66072
Belarus,2002,67.68551
Belarus,2003,64.802666
Belarus,2004,54.308414
Belarus,2005,35.96534
Belarus,2006,27.864786
Belarus,2007,20.696314
Belarus,2008,16.439013
Belarus,2009,15.587072
Belarus,2010,11.847744
Belarus,2011,9.963087
Belarus,2012,5.863124
Belarus,2013,3.4045155
Belarus,2014,3.2034385
Belarus,2015,4.103668
Belarus,2016,4.5907874
Belarus,2017,3.2700672
Belarus,2018,1.9435296
Belarus,2019,2.4408443
Belarus,2020,1.2859994
Belgium,1985,0.74785745
Belgium,1988,0.73529065
Belgium,1992,1.1937089
Belgium,1995,1.1550736
Belgium,1997,0.98172355
Belgium,2000,0.97794336
Belgium,2003,0.87760156
Belgium,2004,0.42100617
Belgium,2005,0.4992827
Belgium,2006,0.42429945
Belgium,2007,0.393612
Belgium,2008,0.28361964
Belgium,2009,0.34456617
Belgium,2010,0.4690388
Belgium,2011,0.59592324
Belgium,2012,0.45270455
Belgium,2013,0.501142
Belgium,2014,0.27223513
Belgium,2015,0.21745087
Belgium,2016,0.30444276
Belgium,2017,0.3561628
Belgium,2018,0.19990413
Belgium,2019,0.21843368
Belgium,2020,0.28469568
Belgium,2021,0.23520645
Belize,1993,61.75234
Belize,1994,65.3957
Belize,1996,70.491936
Belize,1997,70.13001
Belize,1998,68.60218
Belize,1999,66.75391
Benin,2003,95.1009
Benin,2011,91.974655
Benin,2015,91.82329
Benin,2018,83.60608
Benin,2021,81.36603
Bhutan,2003,73.2761
Bhutan,2007,62.299698
Bhutan,2012,44.870136
Bhutan,2017,39.53818
Bhutan,2022,8.447176
Bolivia,1997,46.06875
Bolivia,1999,50.038837
Bolivia,2000,55.82253
Bolivia,2001,51.780598
Bolivia,2002,53.80924
Bolivia,2004,45.81185
Bolivia,2005,47.212734
Bolivia,2006,42.07665
Bolivia,2007,41.161266
Bolivia,2008,33.919304
Bolivia,2009,28.899612
Bolivia,2011,23.468136
Bolivia,2012,23.672022
Bolivia,2013,21.759178
Bolivia,2014,20.188173
Bolivia,2015,20.478485
Bolivia,2016,21.966972
Bolivia,2017,21.018225
Bolivia,2018,19.099493
Bolivia,2019,15.541866
Bolivia,2020,17.289894
Bolivia,2021,15.183598
Bolivia (urban),1990,42.179638
Bolivia (urban),1992,58.198875
Bosnia and Herzegovina,2001,13.83219
Bosnia and Herzegovina,2004,6.577616
Bosnia and Herzegovina,2007,4.7996464
Bosnia and Herzegovina,2011,5.7792606
Botswana,1985,83.58938
Botswana,1993,78.31465
Botswana,2002,68.60462
Botswana,2009,60.36802
Botswana,2015,63.514812
Brazil,1981,66.98489
Brazil,1982,66.41681
Brazil,1983,72.102
Brazil,1984,72.22938
Brazil,1985,67.955505
Brazil,1986,49.47372
Brazil,1987,59.1717
Brazil,1988,61.354828
Brazil,1989,58.33897
Brazil,1990,63.72832
Brazil,1992,65.39781
Brazil,1993,64.33646
Brazil,1995,52.638596
Brazil,1996,52.616
Brazil,1997,53.003437
Brazil,1998,51.96443
Brazil,1999,53.810482
Brazil,2001,48.020958
Brazil,2002,47.319904
Brazil,2003,48.658195
Brazil,2004,47.337734
Brazil,2005,45.01797
Brazil,2006,41.37954
Brazil,2007,39.01824
Brazil,2008,35.822514
Brazil,2009,33.81434
Brazil,2011,29.908154
Brazil,2012,28.20439
Brazil,2013,25.726381
Brazil,2014,24.34754
Brazil,2015,25.276875
Brazil,2016,27.04304
Brazil,2017,27.103754
Brazil,2018,26.707396
Brazil,2019,26.246435
Brazil,2020,18.731863
Brazil,2021,28.382826
Brazil,2022,23.458378
Bulgaria,1992,3.1445987
Bulgaria,2006,28.507626
Bulgaria,2007,15.027616
Bulgaria,2008,11.258361
Bulgaria,2009,11.005817
Bulgaria,2010,13.416587
Bulgaria,2011,14.051667
Bulgaria,2012,14.110401
Bulgaria,2013,13.162929
Bulgaria,2014,10.98347
Bulgaria,2015,14.111567
Bulgaria,2016,10.437506
Bulgaria,2017,9.43659
Bulgaria,2018,7.9779496
Bulgaria,2019,7.185467
Bulgaria,2020,4.532023
Bulgaria,2021,5.7714205
Burkina Faso,1994,97.43515
Burkina Faso,1998,96.50687
Burkina Faso,2003,93.75321
Burkina Faso,2009,94.907425
Burkina Faso,2014,92.94408
Burkina Faso,2018,87.24242
Burkina Faso,2021,88.13923
Burundi,1992,98.77449
Burundi,1998,97.88305
Burundi,2006,98.16213
Burundi,2013,96.48277
Burundi,2020,96.80811
Cameroon,1996,90.83248
Cameroon,2001,83.9503
Cameroon,2007,84.25195
Cameroon,2014,74.75813
Cameroon,2021,75.97228
Canada,1971,5.748491
Canada,1973,3.4968562
Canada,1975,2.9979038
Canada,1977,2.717637
Canada,1979,2.249446
Canada,1981,1.747286
Canada,1982,1.7499769
Canada,1984,1.9993342
Canada,1985,1.4956639
Canada,1986,1.4998972
Canada,1987,1.2479699
Canada,1988,1.2470132
Canada,1989,1.7482811
Canada,1990,1.7499413
Canada,1991,1.7473407
Canada,1992,1.4995869
Canada,1993,1.7492062
Canada,1994,1.2491086
Canada,1995,1.249686
Canada,1996,0.9881774
Canada,1997,0.98301697
Canada,1998,1.246568
Canada,1999,1.2491641
Canada,2000,0.99969906
Canada,2001,0.7491556
Canada,2002,0.74917257
Canada,2003,0.74935186
Canada,2004,0.7490003
Canada,2005,0.9960712
Canada,2006,0.74710554
Canada,2007,0.49933726
Canada,2008,0.7482922
Canada,2009,0.74929786
Canada,2010,0.49042618
Canada,2011,0.7378866
Canada,2012,0.74379957
Canada,2013,0.98056114
Canada,2014,0.9984862
Canada,2015,0.99356127
Canada,2016,0.9758597
Canada,2017,0.74499905
Canada,2018,0.7459652
Canada,2019,0.7153653
Cape Verde,2001,70.67351
Cape Verde,2007,62.602573
Cape Verde,2015,50.949818
Central African Republic,1992,96.744934
Central African Republic,2008,92.76947
Central African Republic,2021,96.20624
Chad,2003,95.94534
Chad,2011,87.94688
Chad,2018,89.41545
Chad,2022,88.82396
Chile,1987,62.12328
Chile,1990,56.0146
Chile,1992,50.722366
Chile,1994,47.091736
Chile,1996,41.366707
Chile,1998,38.928997
Chile,2000,41.38928
Chile,2003,40.612156
Chile,2006,29.070267
Chile,2009,24.411875
Chile,2011,20.913895
Chile,2013,12.488173
Chile,2015,9.734629
Chile,2017,7.4741006
Chile,2020,9.884768
Chile,2022,4.7181735
China,1981,99.984474
China,1984,99.97203
China,1987,99.547325
China,1990,98.988785
China,1993,97.90337
China,1996,95.48379
China,1999,93.144
China,2002,86.87853
China,2005,78.5322
China,2008,69.48973
China,2010,62.5013
China,2011,58.856617
China,2012,54.087257
China,2013,47.260315
China,2014,42.31276
China,2015,37.855835
China,2016,34.225777
China,2017,31.989134
China,2018,28.06683
China,2019,24.719517
China,2020,24.659891
China (rural),1981,99.999985
China (rural),1984,99.999985
China (rural),1987,99.57168
China (rural),1990,99.237885
China (rural),1993,99.1906
China (rural),1996,97.51864
China (rural),1999,97.260544
China (rural),2002,95.72611
China (rural),2005,92.71505
China (rural),2008,89.218315
China (rural),2010,86.12264
China (rural),2011,83.46693
China (rural),2012,79.57413
China (rural),2013,68.76214
China (rural),2014,62.53959
China (rural),2015,57.17112
China (rural),2016,52.719807
China (rural),2017,49.223557
China (rural),2018,42.574543
China (rural),2019,37.74844
China (rural),2020,37.40483
China (urban),1981,99.922874
China (urban),1984,99.874054
China (urban),1987,99.471306
China (urban),1990,98.29582
China (urban),1993,94.76761
China (urban),1996,91.143
China (urban),1999,85.453445
China (urban),2002,72.70054
China (urban),2005,59.36092
China (urban),2008,46.826805
China (urban),2010,38.13714
China (urban),2011,34.744263
China (urban),2012,30.338406
China (urban),2013,28.202602
China (urban),2014,25.261297
China (urban),2015,22.368809
China (urban),2016,20.123165
China (urban),2017,19.488525
China (urban),2018,18.048384
China (urban),2019,16.144468
China (urban),2020,16.65706
Colombia,1992,54.192394
Colombia,1996,61.509697
Colombia,1999,64.29868
Colombia,2000,59.50055
Colombia,2001,67.02816
Colombia,2002,57.666714
Colombia,2003,57.970547
Colombia,2004,57.34678
Colombia,2005,53.5237
Colombia,2008,48.502857
Colombia,2009,47.255936
Colombia,2010,44.57942
Colombia,2011,41.648113
Colombia,2012,39.77617
Colombia,2013,37.623814
Colombia,2014,35.42849
Colombia,2015,34.59511
Colombia,2016,34.34889
Colombia,2017,33.70422
Colombia,2018,33.93436
Colombia,2019,34.803917
Colombia,2020,42.230976
Colombia,2021,38.778286
Colombia,2022,34.785385
Colombia (urban),1980,60.625957
Colombia (urban),1988,54.10341
Colombia (urban),1989,55.391777
Colombia (urban),1991,52.1389
Comoros,2004,68.289314
Comoros,2014,68.6025
Congo,2005,89.77422
Congo,2011,83.5119
Costa Rica,1981,71.13116
Costa Rica,1986,63.447826
Costa Rica,1989,47.372566
Costa Rica,1990,45.639534
Costa Rica,1991,51.41465
Costa Rica,1992,48.040638
Costa Rica,1993,40.864243
Costa Rica,1994,36.57071
Costa Rica,1995,37.067
Costa Rica,1996,41.333244
Costa Rica,1997,38.13968
Costa Rica,1998,33.58035
Costa Rica,1999,36.05916
Costa Rica,2000,36.109005
Costa Rica,2001,27.99193
Costa Rica,2002,27.79345
Costa Rica,2003,26.476871
Costa Rica,2004,27.929031
Costa Rica,2005,25.359673
Costa Rica,2006,25.087442
Costa Rica,2007,20.334911
Costa Rica,2008,19.991203
Costa Rica,2009,19.406185
Costa Rica,2010,15.611215
Costa Rica,2011,16.435835
Costa Rica,2012,15.551222
Costa Rica,2013,15.646446
Costa Rica,2014,15.140225
Costa Rica,2015,14.78647
Costa Rica,2016,14.214616
Costa Rica,2017,12.855002
Costa Rica,2018,13.873731
Costa Rica,2019,13.671001
Costa Rica,2020,19.869722
Costa Rica,2021,14.482673
Costa Rica,2022,14.052096
Cote d'Ivoire,1985,55.551666
Cote d'Ivoire,1986,62.439865
Cote d'Ivoire,1987,68.88066
Cote d'Ivoire,1988,76.57439
Cote d'Ivoire,1992,84.33382
Cote d'Ivoire,1995,86.72781
Cote d'Ivoire,1998,87.433655
Cote d'Ivoire,2002,86.641556
Cote d'Ivoire,2008,86.55313
Cote d'Ivoire,2015,87.89437
Cote d'Ivoire,2018,75.6192
Cote d'Ivoire,2021,76.402214
Croatia,2009,5.12712
Croatia,2010,6.643629
Croatia,2011,7.4646583
Croatia,2012,8.071655
Croatia,2013,7.765764
Croatia,2014,6.6444426
Croatia,2015,5.8280883
Croatia,2016,4.709297
Croatia,2017,4.157229
Croatia,2018,2.7417684
Croatia,2019,2.3829806
Croatia,2020,2.1232433
Croatia,2021,1.7663844
Cyprus,2004,0.26778522
Cyprus,2005,0.10241766
Cyprus,2006,0.043759182
Cyprus,2007,0.09495648
Cyprus,2008,0.029531293
Cyprus,2009,0.17482497
Cyprus,2010,0.20740466
Cyprus,2011,0.17075051
Cyprus,2012,0.05901572
Cyprus,2013,0.27171353
Cyprus,2014,0.37570775
Cyprus,2015,0.12789601
Cyprus,2016,0.13528931
Cyprus,2017,0.07238906
Cyprus,2018,0.17194173
Cyprus,2019,0.340433
Cyprus,2020,0.19635272
Cyprus,2021,0.09147689
Czechia,1992,0.7463214
Czechia,1993,0.49208128
Czechia,1996,1.4883082
Czechia,2002,0.7468753
Czechia,2004,1.2871637
Czechia,2005,0.79309887
Czechia,2006,0.80370194
Czechia,2007,0.68382716
Czechia,2008,0.49156082
Czechia,2009,0.8090485
Czechia,2010,0.8775182
Czechia,2011,0.76718384
Czechia,2012,0.87351745
Czechia,2013,0.70666564
Czechia,2014,0.81888884
Czechia,2015,0.44179553
Czechia,2016,0.7159079
Czechia,2017,0.51262593
Czechia,2018,0.23898517
Czechia,2019,0.2727973
Czechia,2020,0.4238844
Czechia,2021,0.26277104
Democratic Republic of Congo,2004,99.702614
Democratic Republic of Congo,2012,97.35815
Democratic Republic of Congo,2020,97.66873
Denmark,1987,1.245447
Denmark,1992,0.99957216
Denmark,1995,0.24737881
Denmark,2000,0.24996004
Denmark,2003,0.41275132
Denmark,2004,0.40568438
Denmark,2005,0.4622458
Denmark,2006,0.3451112
Denmark,2007,0.57334995
Denmark,2008,0.7719071
Denmark,2009,1.0303972
Denmark,2010,0.23805872
Denmark,2011,0.6302387
Denmark,2012,0.43876114
Denmark,2013,0.6419157
Denmark,2014,0.68645424
Denmark,2015,0.42209578
Denmark,2016,0.5394297
Denmark,2017,0.25226042
Denmark,2018,0.25885963
Denmark,2019,0.39046103
Denmark,2020,0.36229163
Denmark,2021,0.26467395
Djibouti,2002,82.5471
Djibouti,2012,75.97301
Djibouti,2013,80.61579
Djibouti,2017,78.491005
Dominican Republic,1986,37.558838
Dominican Republic,1989,65.31722
Dominican Republic,1992,52.50194
Dominican Republic,1996,42.305748
Dominican Republic,1997,39.432613
Dominican Republic,2000,41.09847
Dominican Republic,2001,40.5301
Dominican Republic,2002,40.03822
Dominican Republic,2003,49.01512
Dominican Republic,2004,57.03209
Dominican Republic,2005,48.22122
Dominican Republic,2006,44.951744
Dominican Republic,2007,44.25771
Dominican Republic,2008,45.862045
Dominican Republic,2009,42.860764
Dominican Republic,2010,43.668392
Dominican Republic,2011,41.636677
Dominican Republic,2012,41.239254
Dominican Republic,2013,40.508556
Dominican Republic,2014,34.77146
Dominican Republic,2015,30.352533
Dominican Republic,2016,28.730574
Dominican Republic,2017,25.548367
Dominican Republic,2018,22.208529
Dominican Republic,2019,20.191881
Dominican Republic,2020,23.217484
Dominican Republic,2021,23.223656
Dominican Republic,2022,21.543325
East Asia and Pacific (PIP),1990,96.29448
East Asia and Pacific (PIP),1991,95.97428
East Asia and Pacific (PIP),1992,95.539215
East Asia and Pacific (PIP),1993,95.02285
East Asia and Pacific (PIP),1994,94.22938
East Asia and Pacific (PIP),1995,93.329315
East Asia and Pacific (PIP),1996,92.251564
East Asia and Pacific (PIP),1997,91.62854
East Asia and Pacific (PIP),1998,91.38621
East Asia and Pacific (PIP),1999,90.69693
East Asia and Pacific (PIP),2000,89.475235
East Asia and Pacific (PIP),2001,87.781296
East Asia and Pacific (PIP),2002,85.226814
East Asia and Pacific (PIP),2003,83.10401
East Asia and Pacific (PIP),2004,80.91037
East Asia and Pacific (PIP),2005,78.24632
East Asia and Pacific (PIP),2006,75.9607
East Asia and Pacific (PIP),2007,72.870285
East Asia and Pacific (PIP),2008,70.83393
East Asia and Pacific (PIP),2009,67.71089
East Asia and Pacific (PIP),2010,63.51988
East Asia and Pacific (PIP),2011,60.22395
East Asia and Pacific (PIP),2012,56.560017
East Asia and Pacific (PIP),2013,51.180733
East Asia and Pacific (PIP),2014,47.327103
East Asia and Pacific (PIP),2015,43.588463
East Asia and Pacific (PIP),2016,40.281754
East Asia and Pacific (PIP),2017,38.142822
East Asia and Pacific (PIP),2018,34.94282
East Asia and Pacific (PIP),2019,32.272003
East Asia and Pacific (PIP),2020,32.52614
East Asia and Pacific (PIP),2021,29.585918
East Asia and Pacific (PIP),2022,29.190636
East Timor,2001,93.70845
East Timor,2007,97.725586
East Timor,2014,94.609955
Eastern and Southern Africa (PIP),1993,90.223274
Eastern and Southern Africa (PIP),1994,90.3367
Eastern and Southern Africa (PIP),1995,90.030754
Eastern and Southern Africa (PIP),1996,89.733665
Eastern and Southern Africa (PIP),1998,89.900276
Eastern and Southern Africa (PIP),1999,90.20444
Eastern and Southern Africa (PIP),2000,90.36804
Eastern and Southern Africa (PIP),2001,90.45068
Eastern and Southern Africa (PIP),2002,90.585724
Eastern and Southern Africa (PIP),2003,90.81026
Eastern and Southern Africa (PIP),2004,90.45998
Eastern and Southern Africa (PIP),2005,90.089485
Eastern and Southern Africa (PIP),2006,89.25905
Eastern and Southern Africa (PIP),2007,88.89011
Eastern and Southern Africa (PIP),2008,88.43088
Eastern and Southern Africa (PIP),2009,88.447075
Eastern and Southern Africa (PIP),2010,88.084915
Eastern and Southern Africa (PIP),2011,87.786415
Eastern and Southern Africa (PIP),2012,87.757164
Eastern and Southern Africa (PIP),2013,87.688354
Eastern and Southern Africa (PIP),2014,87.58536
Eastern and Southern Africa (PIP),2015,87.410866
Eastern and Southern Africa (PIP),2016,87.59945
Eastern and Southern Africa (PIP),2017,87.83199
Eastern and Southern Africa (PIP),2018,88.023254
Ecuador,1994,64.833824
Ecuador,1999,67.75389
Ecuador,2000,75.917274
Ecuador,2003,57.713974
Ecuador,2004,59.006638
Ecuador,2005,50.645382
Ecuador,2006,45.835297
Ecuador,2007,44.88314
Ecuador,2008,42.296562
Ecuador,2009,43.151684
Ecuador,2010,38.754715
Ecuador,2011,34.689377
Ecuador,2012,31.43428
Ecuador,2013,31.225332
Ecuador,2014,27.602377
Ecuador,2015,28.798777
Ecuador,2016,28.164404
Ecuador,2017,27.069906
Ecuador,2018,27.849838
Ecuador,2019,29.713552
Ecuador,2020,34.621685
Ecuador,2021,31.689873
Ecuador,2022,29.931488
Ecuador (urban),1987,59.643536
Ecuador (urban),1995,64.358406
Ecuador (urban),1998,64.27654
Egypt,1990,78.86615
Egypt,1995,81.84079
Egypt,1999,70.393875
Egypt,2004,77.74547
Egypt,2008,77.45105
Egypt,2010,70.5671
Egypt,2012,67.76942
Egypt,2015,64.458015
Egypt,2017,72.63664
Egypt,2019,68.76066
El Salvador,1989,58.103848
El Salvador,1991,65.86246
El Salvador,1995,58.2429
El Salvador,1996,59.683044
El Salvador,1998,57.90211
El Salvador,1999,55.34491
El Salvador,2000,50.969185
El Salvador,2001,52.398037
El Salvador,2002,52.365704
El Salvador,2003,53.563923
El Salvador,2004,51.752575
El Salvador,2005,51.82212
El Salvador,2006,50.501144
El Salvador,2007,47.218422
El Salvador,2008,50.921577
El Salvador,2009,50.499928
El Salvador,2010,49.13238
El Salvador,2011,49.97261
El Salvador,2012,47.123257
El Salvador,2013,42.73408
El Salvador,2014,42.720253
El Salvador,2015,40.195423
El Salvador,2016,38.74195
El Salvador,2017,36.33067
El Salvador,2018,32.982418
El Salvador,2019,28.756779
El Salvador,2021,28.397104
El Salvador,2022,27.48831
Estonia,1993,31.058475
Estonia,2003,16.901545
Estonia,2004,10.893831
Estonia,2005,7.6142097
Estonia,2006,4.5878744
Estonia,2007,2.981434
Estonia,2008,2.9978955
Estonia,2009,4.0421047
Estonia,2010,5.7569757
Estonia,2011,4.708288
Estonia,2012,4.1031876
Estonia,2013,4.233054
Estonia,2014,4.0127525
Estonia,2015,2.2936096
Estonia,2016,1.8272502
Estonia,2017,1.3304014
Estonia,2018,1.083287
Estonia,2019,1.4057721
Estonia,2020,1.3402286
Estonia,2021,0.70453745
Eswatini,1994,98.2209
Eswatini,2000,89.51477
Eswatini,2009,87.21875
Eswatini,2016,78.13594
Ethiopia,1995,96.87584
Ethiopia,1999,97.96136
Ethiopia,2004,96.27387
Ethiopia,2010,93.99181
Ethiopia,2015,90.90907
Ethiopia (rural),1981,98.653984
Europe and Central Asia (PIP),1990,31.552633
Europe and Central Asia (PIP),1991,34.243465
Europe and Central Asia (PIP),1992,38.469868
Europe and Central Asia (PIP),1993,44.248455
Europe and Central Asia (PIP),1994,48.17173
Europe and Central Asia (PIP),1995,42.816658
Europe and Central Asia (PIP),1996,46.57329
Europe and Central Asia (PIP),1997,44.16646
Europe and Central Asia (PIP),1998,44.67045
Europe and Central Asia (PIP),1999,52.438164
Europe and Central Asia (PIP),2000,48.68688
Europe and Central Asia (PIP),2001,45.57496
Europe and Central Asia (PIP),2002,42.628654
Europe and Central Asia (PIP),2003,40.975666
Europe and Central Asia (PIP),2004,36.105614
Europe and Central Asia (PIP),2005,32.55136
Europe and Central Asia (PIP),2006,28.861607
Europe and Central Asia (PIP),2007,24.977661
Europe and Central Asia (PIP),2008,20.615772
Europe and Central Asia (PIP),2009,20.49503
Europe and Central Asia (PIP),2010,19.074749
Europe and Central Asia (PIP),2011,17.373062
Europe and Central Asia (PIP),2012,16.392502
Europe and Central Asia (PIP),2013,14.819167
Europe and Central Asia (PIP),2014,14.342445
Europe and Central Asia (PIP),2015,14.506981
Europe and Central Asia (PIP),2016,13.816823
Europe and Central Asia (PIP),2017,12.523492
Europe and Central Asia (PIP),2018,11.364453
Europe and Central Asia (PIP),2019,10.7816305
Europe and Central Asia (PIP),2020,10.276326
Europe and Central Asia (PIP),2021,8.890886
Europe and Central Asia (PIP),2022,8.617041
Fiji,2002,44.949078
Fiji,2008,39.959873
Fiji,2013,38.604885
Fiji,2019,52.59716
Finland,1987,0.24294515
Finland,1991,0.24663867
Finland,1995,0.24019483
Finland,2000,0.24689937
Finland,2003,0.2380468
Finland,2004,0.16522963
Finland,2005,0.2214034
Finland,2006,0.21561687
Finland,2007,0.13773082
Finland,2008,0.22568062
Finland,2009,0.13711956
Finland,2010,0.1628851
Finland,2011,0.12074521
Finland,2012,0.18268447
Finland,2013,0.17253807
Finland,2014,0.16062139
Finland,2015,0.2133345
Finland,2016,0.21205768
Finland,2017,0.13520177
Finland,2018,0.19857396
Finland,2019,0.16076536
Finland,2020,0.0792764
Finland,2021,0.1449503
France,1970,3.9969876
France,1975,2.4985354
France,1979,1.2393705
France,1984,1.24848
France,1990,0.4997554
France,1996,0.7457547
France,1997,0.49910188
France,1998,0.49981466
France,1999,0.49961343
France,2000,0.49998862
France,2001,0.2490527
France,2002,0.24652874
France,2003,0.41566762
France,2004,0.29680872
France,2005,0.30881682
France,2006,0.20701398
France,2007,0.12315195
France,2008,0.122377254
France,2009,0.3996585
France,2010,0.33520794
France,2011,0.22013025
France,2012,0.31020126
France,2013,0.20292956
France,2014,0.1548145
France,2015,0.33894446
France,2016,0.2517247
France,2017,0.100584954
France,2018,0.14272435
France,2019,0.41383636
France,2020,0.43299818
France,2021,0.5076732
Gabon,2005,55.0776
Gabon,2017,31.22467
Gambia,1998,96.46608
Gambia,2003,90.851555
Gambia,2010,86.34379
Gambia,2015,81.15465
Gambia,2020,80.591064
Georgia,1996,51.990765
Georgia,1997,73.90799
Georgia,1998,74.08225
Georgia,1999,79.58348
Georgia,2000,81.62114
Georgia,2001,83.53519
Georgia,2002,72.729256
Georgia,2003,71.96415
Georgia,2004,70.035
Georgia,2005,71.66972
Georgia,2006,72.7134
Georgia,2007,74.11626
Georgia,2008,70.23255
Georgia,2009,70.50346
Georgia,2010,70.60677
Georgia,2011,69.02913
Georgia,2012,65.523865
Georgia,2013,59.9979
Georgia,2014,56.963093
Georgia,2015,56.23028
Georgia,2016,56.275238
Georgia,2017,53.864937
Georgia,2018,53.887684
Georgia,2019,54.228085
Georgia,2020,58.26115
Georgia,2021,55.36591
Germany,1991,0.2336331
Germany,1992,0.24365604
Germany,1993,0.24394016
Germany,1994,0.6651458
Germany,1995,0.4975194
Germany,1996,0.23173203
Germany,1997,0.2318739
Germany,1998,0.23225266
Germany,1999,0.24428305
Germany,2000,0.24929327
Germany,2001,0.24785754
Germany,2002,0.23724817
Germany,2003,0.4937627
Germany,2004,0.24336542
Germany,2005,0.24907196
Germany,2006,0.23245639
Germany,2007,0.21611275
Germany,2008,0.24716957
Germany,2009,0.24771252
Germany,2010,0.24448663
Germany,2011,0.24670495
Germany,2012,0.24431169
Germany,2013,0.24939507
Germany,2014,0.24989782
Germany,2015,0.24733865
Germany,2016,0.24850203
Germany,2017,0.99949193
Germany,2018,0.24596743
Germany,2019,0.2469338
Ghana,1987,97.194984
Ghana,1988,96.86592
Ghana,1991,96.915344
Ghana,1998,95.01965
Ghana,2005,91.025856
Ghana,2012,80.46004
Ghana,2016,78.4766
Greece,1995,4.7449102
Greece,2000,2.7429757
Greece,2003,1.8551059
Greece,2004,1.8744514
Greece,2005,1.7162734
Greece,2006,2.2453709
Greece,2007,1.7355319
Greece,2008,1.5647527
Greece,2009,1.7665746
Greece,2010,2.5968368
Greece,2011,5.216212
Greece,2012,7.2167435
Greece,2013,8.252251
Greece,2014,7.70341
Greece,2015,7.784421
Greece,2016,6.3827844
Greece,2017,5.325218
Greece,2018,3.6522675
Greece,2019,3.9143457
Greece,2020,3.889203
Greece,2021,2.9177926
Grenada,2018,13.753917
Guatemala,1986,87.51443
Guatemala,1989,76.53487
Guatemala,1998,55.321198
Guatemala,2000,49.983078
Guatemala,2006,48.62242
Guatemala,2014,55.400352
Guinea,1991,99.999985
Guinea,1994,87.900406
Guinea,2002,93.96752
Guinea,2007,92.927666
Guinea,2012,90.49719
Guinea,2018,86.7713
Guinea-Bissau,1993,90.62204
Guinea-Bissau,2002,96.81946
Guinea-Bissau,2010,94.32941
Guinea-Bissau,2018,87.20223
Guinea-Bissau,2021,89.14873
Guyana,1992,85.1753
Guyana,1998,56.565
Haiti,2001,92.89478
Haiti,2012,88.95529
Honduras,1989,80.56423
Honduras,1990,82.55327
Honduras,1991,79.40627
Honduras,1992,76.39214
Honduras,1993,70.09316
Honduras,1994,70.0244
Honduras,1995,71.0078
Honduras,1996,72.87152
Honduras,1997,65.560135
Honduras,1998,64.672226
Honduras,1999,66.240875
Honduras,2001,56.463123
Honduras,2002,61.534836
Honduras,2003,64.95728
Honduras,2004,64.50146
Honduras,2005,62.007626
Honduras,2006,56.417877
Honduras,2007,54.224743
Honduras,2008,51.31184
Honduras,2009,48.432804
Honduras,2010,51.26401
Honduras,2011,51.43796
Honduras,2012,56.90278
Honduras,2013,54.43448
Honduras,2014,53.065388
Honduras,2015,53.24317
Honduras,2016,50.5066
Honduras,2017,51.176632
Honduras,2018,51.308125
Honduras,2019,49.54452
Honduras (urban),1986,87.26422
Hungary,1987,0.5164905
Hungary,1989,25.151455
Hungary,1991,6.737346
Hungary,1993,4.781995
Hungary,1994,10.186515
Hungary,1999,8.95954
Hungary,2004,5.6753793
Hungary,2005,7.3564215
Hungary,2006,4.018353
Hungary,2007,3.9514835
Hungary,2008,3.2802477
Hungary,2009,4.038384
Hungary,2010,5.444321
Hungary,2011,5.770417
Hungary,2012,7.7655153
Hungary,2013,7.3355756
Hungary,2014,5.429469
Hungary,2015,3.9422724
Hungary,2016,3.314909
Hungary,2017,4.0437
Hungary,2018,2.7849593
Hungary,2019,2.5414467
Hungary,2020,2.4883265
Hungary,2021,2.1679664
Iceland,2003,0.36052173
Iceland,2004,0.4040406
Iceland,2005,0.22860824
Iceland,2006,0.43302947
Iceland,2007,0.28531373
Iceland,2008,0.20032193
Iceland,2009,0.29892236
Iceland,2010,0.4509368
Iceland,2011,0.7506994
Iceland,2012,0.3272694
Iceland,2013,0.16876434
Iceland,2014,0.12404766
Iceland,2015,0.1285995
Iceland,2016,0.19552931
Iceland,2017,0.041061215
India,1977,97.77739
India,1983,97.3767
India,1987,96.66692
India,1993,96.66447
India,2004,94.761086
India,2009,93.361565
India,2011,90.319534
India,2015,88.93412
India,2016,88.74399
India,2017,85.40779
India,2018,82.672844
India,2019,80.72947
India,2020,82.97584
India,2021,81.774994
India (rural),1977,98.50686
India (rural),1983,98.276726
India (rural),1987,97.75568
India (rural),1993,98.228386
India (rural),2004,97.0186
India (rural),2009,96.6709
India (rural),2011,94.33638
India (rural),2015,92.72039
India (rural),2016,92.563614
India (rural),2017,90.10286
India (rural),2018,89.28618
India (rural),2019,85.35445
India (rural),2020,86.91397
India (rural),2021,86.843124
India (urban),1977,94.96666
India (urban),1983,94.269165
India (urban),1987,93.10332
India (urban),1993,91.91468
India (urban),2004,88.04837
India (urban),2009,84.26223
India (urban),2011,80.08093
India (urban),2015,81.065
India (urban),2016,80.9228
India (urban),2017,75.93602
India (urban),2018,69.52598
India (urban),2019,71.66824
India (urban),2020,75.37037
India (urban),2021,72.12497
Indonesia,1984,98.71515
Indonesia,1987,98.76258
Indonesia,1990,97.61659
Indonesia,1993,97.37852
Indonesia,1996,95.39663
Indonesia,1998,98.452385
Indonesia,1999,96.59615
Indonesia,2000,96.8606
Indonesia,2001,96.03204
Indonesia,2002,91.85152
Indonesia,2003,91.031136
Indonesia,2004,91.12822
Indonesia,2005,90.525665
Indonesia,2006,91.415955
Indonesia,2007,87.95071
Indonesia,2008,88.095024
Indonesia,2009,87.21079
Indonesia,2010,82.48848
Indonesia,2011,79.32066
Indonesia,2012,78.50428
Indonesia,2013,76.15413
Indonesia,2014,74.93322
Indonesia,2015,72.94904
Indonesia,2016,68.25026
Indonesia,2017,65.25757
Indonesia,2018,62.839306
Indonesia,2019,61.919777
Indonesia,2020,60.678047
Indonesia,2021,60.637833
Indonesia,2022,60.406433
Indonesia,2023,58.812153
Indonesia (rural),1984,99.5862
Indonesia (rural),1987,99.49571
Indonesia (rural),1990,99.3286
Indonesia (rural),1993,99.471275
Indonesia (rural),1996,98.86805
Indonesia (rural),1998,99.73794
Indonesia (rural),1999,99.154366
Indonesia (rural),2000,99.137794
Indonesia (rural),2001,99.02434
Indonesia (rural),2002,97.68185
Indonesia (rural),2003,97.80311
Indonesia (rural),2004,97.89084
Indonesia (rural),2005,96.66223
Indonesia (rural),2006,97.214165
Indonesia (rural),2007,95.6418
Indonesia (rural),2008,95.402794
Indonesia (rural),2009,94.82194
Indonesia (rural),2010,91.683136
Indonesia (rural),2011,88.193855
Indonesia (rural),2012,88.28262
Indonesia (rural),2013,87.194534
Indonesia (rural),2014,85.614
Indonesia (rural),2015,82.64894
Indonesia (rural),2016,80.235664
Indonesia (rural),2017,75.11099
Indonesia (rural),2018,72.111336
Indonesia (rural),2019,71.458206
Indonesia (rural),2020,70.1039
Indonesia (rural),2021,69.035614
Indonesia (rural),2022,68.513374
Indonesia (rural),2023,66.79451
Indonesia (urban),1984,96.13567
Indonesia (urban),1987,96.861855
Indonesia (urban),1990,93.73089
Indonesia (urban),1993,93.281136
Indonesia (urban),1996,89.545044
Indonesia (urban),1998,96.49101
Indonesia (urban),1999,92.882996
Indonesia (urban),2000,93.71618
Indonesia (urban),2001,92.030235
Indonesia (urban),2002,84.29972
Indonesia (urban),2003,82.53579
Indonesia (urban),2004,82.91239
Indonesia (urban),2005,83.305046
Indonesia (urban),2006,84.80839
Indonesia (urban),2007,79.46196
Indonesia (urban),2008,80.28378
Indonesia (urban),2009,79.33135
Indonesia (urban),2010,73.26213
Indonesia (urban),2011,70.65618
Indonesia (urban),2012,69.2126
Indonesia (urban),2013,65.9446
Indonesia (urban),2014,65.32183
Indonesia (urban),2015,64.4547
Indonesia (urban),2016,58.035954
Indonesia (urban),2017,57.083904
Indonesia (urban),2018,55.352135
Indonesia (urban),2019,54.42074
Indonesia (urban),2020,53.462513
Indonesia (urban),2021,54.37724
Indonesia (urban),2022,54.519962
Indonesia (urban),2023,53.166233
Iran,1986,52.950443
Iran,1990,55.373287
Iran,1994,47.747208
Iran,1998,44.807083
Iran,2005,23.503935
Iran,2006,24.711475
Iran,2009,22.713913
Iran,2011,20.90692
Iran,2012,19.686602
Iran,2013,20.901325
Iran,2014,23.520262
Iran,2015,23.001934
Iran,2016,23.13138
Iran,2017,21.571112
Iran,2018,24.355927
Iran,2019,29.104435
Iran,2020,29.290257
Iran,2021,24.82109
Iran,2022,21.919863
Iraq,2006,26.384193
Iraq,2012,24.728922
Ireland,1987,8.245639
Ireland,1994,1.2492633
Ireland,1995,1.4795791
Ireland,1996,1.4522007
Ireland,2000,0.47163233
Ireland,2002,1.242565
Ireland,2003,0.46942225
Ireland,2004,0.41083303
Ireland,2005,0.2635033
Ireland,2006,0.5572075
Ireland,2007,0.5332144
Ireland,2008,0.76396495
Ireland,2009,1.3864028
Ireland,2010,1.6792439
Ireland,2011,1.4438393
Ireland,2012,1.2677605
Ireland,2013,1.5482057
Ireland,2014,1.1630667
Ireland,2015,0.82528245
Ireland,2016,0.8277463
Ireland,2017,0.46496034
Ireland,2018,0.11338758
Ireland,2019,0.20019619
Ireland,2020,0.21377714
Ireland,2021,0.26404616
Israel,1979,9.17666
Israel,1986,9.972581
Israel,1992,4.734208
Israel,1997,5.994418
Israel,2001,4.227456
Israel,2002,8.4518
Israel,2003,8.990959
Israel,2004,9.724071
Israel,2005,9.447385
Israel,2006,8.9845295
Israel,2007,7.2452664
Israel,2008,7.2468853
Israel,2009,8.242077
Israel,2010,7.48435
Israel,2011,6.989708
Israel,2012,6.744764
Israel,2013,5.2400017
Israel,2014,5.4838343
Israel,2015,4.9913836
Israel,2016,3.9862065
Israel,2017,4.240897
Israel,2018,3.2169216
Israel,2019,3.9989967
Israel,2020,3.2490437
Israel,2021,3.4907048
Italy,1977,3.9997215
Italy,1978,4.2034955
Italy,1979,3.464758
Italy,1980,2.4695325
Italy,1981,1.941826
Italy,1982,1.207653
Italy,1983,1.7304691
Italy,1984,1.9964586
Italy,1986,2.4510465
Italy,1987,2.7079356
Italy,1989,0.7329887
Italy,1991,1.7448124
Italy,1993,4.226059
Italy,1995,3.487291
Italy,1998,3.9916186
Italy,2000,3.4834497
Italy,2002,2.7435324
Italy,2003,2.1012473
Italy,2004,1.6864117
Italy,2005,1.942284
Italy,2006,1.6110452
Italy,2007,1.7495254
Italy,2008,1.8255632
Italy,2009,2.115966
Italy,2010,2.7035363
Italy,2011,2.6975064
Italy,2012,3.1187432
Italy,2013,3.1734965
Italy,2014,3.0902708
Italy,2015,3.8684304
Italy,2016,3.4049048
Italy,2017,3.327756
Italy,2018,3.1953833
Italy,2019,2.6308076
Italy,2020,2.188938
Italy,2021,1.6516662
Jamaica,1988,45.77721
Jamaica,1990,49.452984
Jamaica,1993,64.40103
Jamaica,1996,42.81178
Jamaica,1999,30.429352
Jamaica,2002,33.33802
Jamaica,2004,29.065624
Jamaica,2018,9.0806055
Jamaica,2021,13.913287
Japan,2008,2.2203062
Japan,2010,0.4829803
Japan,2013,1.4467369
Jordan,1986,13.752368
Jordan,1992,32.49862
Jordan,1997,31.424614
Jordan,2002,22.752092
Jordan,2006,13.535393
Jordan,2008,12.011389
Jordan,2010,8.1787195
Kazakhstan,1993,70.20172
Kazakhstan,1996,65.587975
Kazakhstan,2001,74.450775
Kazakhstan,2002,72.295204
Kazakhstan,2003,67.57898
Kazakhstan,2004,64.323746
Kazakhstan,2005,61.455452
Kazakhstan,2006,50.76736
Kazakhstan,2007,37.95595
Kazakhstan,2008,36.67194
Kazakhstan,2009,37.567474
Kazakhstan,2010,32.04461
Kazakhstan,2011,19.168259
Kazakhstan,2012,18.99745
Kazakhstan,2013,13.725617
Kazakhstan,2014,14.81978
Kazakhstan,2015,17.217615
Kazakhstan,2016,23.765245
Kazakhstan,2017,18.832228
Kazakhstan,2018,14.28714
Kazakhstan,2019,14.445986
Kazakhstan,2020,13.891937
Kazakhstan,2021,10.633607
Kenya,1992,74.90957
Kenya,1994,83.218796
Kenya,1997,82.092705
Kenya,2005,87.388466
Kenya,2015,85.72386
Kenya,2020,91.02598
Kenya,2021,91.28386
Kiribati,2006,77.44117
Kiribati,2019,68.8789
Kosovo,2003,67.692696
Kosovo,2005,67.12288
Kosovo,2006,68.12496
Kosovo,2009,59.931137
Kosovo,2010,58.12508
Kosovo,2011,57.152557
Kosovo,2012,42.37857
Kosovo,2013,38.376156
Kosovo,2014,39.763916
Kosovo,2015,35.700565
Kosovo,2016,34.993057
Kosovo,2017,34.16227
Kyrgyzstan,2000,95.174904
Kyrgyzstan,2001,95.03219
Kyrgyzstan,2002,94.59685
Kyrgyzstan,2003,94.081085
Kyrgyzstan,2004,80.028366
Kyrgyzstan,2005,84.69191
Kyrgyzstan,2006,72.881546
Kyrgyzstan,2007,74.210884
Kyrgyzstan,2008,67.579124
Kyrgyzstan,2009,67.58045
Kyrgyzstan,2010,70.51611
Kyrgyzstan,2011,70.615395
Kyrgyzstan,2012,73.26456
Kyrgyzstan,2013,73.316124
Kyrgyzstan,2014,70.8131
Kyrgyzstan,2015,73.83235
Kyrgyzstan,2016,71.25147
Kyrgyzstan,2017,70.26256
Kyrgyzstan,2018,66.054985
Kyrgyzstan,2019,63.74247
Kyrgyzstan,2020,67.590965
Kyrgyzstan,2021,62.223232
Laos,1992,90.14634
Laos,1997,94.645134
Laos,2002,91.888824
Laos,2007,88.28031
Laos,2012,78.792076
Laos,2018,70.514244
Latin America and the Caribbean (PIP),1990,58.19757
Latin America and the Caribbean (PIP),1991,57.780247
Latin America and the Caribbean (PIP),1992,58.37215
Latin America and the Caribbean (PIP),1993,58.3013
Latin America and the Caribbean (PIP),1994,55.8452
Latin America and the Caribbean (PIP),1995,55.474716
Latin America and the Caribbean (PIP),1996,56.14257
Latin America and the Caribbean (PIP),1997,55.09877
Latin America and the Caribbean (PIP),1998,54.285316
Latin America and the Caribbean (PIP),1999,55.2117
Latin America and the Caribbean (PIP),2000,52.55308
Latin America and the Caribbean (PIP),2001,51.754143
Latin America and the Caribbean (PIP),2002,50.718925
Latin America and the Caribbean (PIP),2003,51.262062
Latin America and the Caribbean (PIP),2004,49.94045
Latin America and the Caribbean (PIP),2005,47.42815
Latin America and the Caribbean (PIP),2006,43.69376
Latin America and the Caribbean (PIP),2007,41.72091
Latin America and the Caribbean (PIP),2008,39.654858
Latin America and the Caribbean (PIP),2009,39.310566
Latin America and the Caribbean (PIP),2010,37.28244
Latin America and the Caribbean (PIP),2011,35.314445
Latin America and the Caribbean (PIP),2012,33.953793
Latin America and the Caribbean (PIP),2013,32.807945
Latin America and the Caribbean (PIP),2014,32.178688
Latin America and the Caribbean (PIP),2015,30.718037
Latin America and the Caribbean (PIP),2016,30.421267
Latin America and the Caribbean (PIP),2017,29.867983
Latin America and the Caribbean (PIP),2018,29.161728
Latin America and the Caribbean (PIP),2019,28.370646
Latin America and the Caribbean (PIP),2020,28.558079
Latin America and the Caribbean (PIP),2021,29.63953
Latin America and the Caribbean (PIP),2022,26.261257
Latvia,1993,40.09808
Latvia,1995,29.08098
Latvia,1996,30.705877
Latvia,2004,19.280394
Latvia,2005,17.26263
Latvia,2006,9.384601
Latvia,2007,6.140596
Latvia,2008,7.8736396
Latvia,2009,11.718924
Latvia,2010,11.860033
Latvia,2011,11.231044
Latvia,2012,10.397639
Latvia,2013,8.085175
Latvia,2014,7.123995
Latvia,2015,4.874993
Latvia,2016,4.593847
Latvia,2017,4.5455265
Latvia,2018,3.0371244
Latvia,2019,2.631591
Latvia,2020,2.4609966
Latvia,2021,2.0765896
Lebanon,2011,1.6823137
Lesotho,1986,88.95231
Lesotho,1994,82.83565
Lesotho,2002,95.10198
Lesotho,2017,80.98628
Liberia,2007,96.46913
Liberia,2014,90.3324
Liberia,2016,88.91974
Lithuania,1993,76.40601
Lithuania,2004,21.609821
Lithuania,2005,14.941515
Lithuania,2006,8.669577
Lithuania,2007,6.0816092
Lithuania,2008,5.285956
Lithuania,2009,10.212684
Lithuania,2010,10.416584
Lithuania,2011,7.005435
Lithuania,2012,6.9775343
Lithuania,2013,5.773697
Lithuania,2014,6.311819
Lithuania,2015,4.7579827
Lithuania,2016,4.852972
Lithuania,2017,4.4103303
Lithuania,2018,2.8800223
Lithuania,2019,1.6353098
Lithuania,2020,1.6209345
Lithuania,2021,1.2309434
Luxembourg,1985,0.23095526
Luxembourg,1986,0.22371663
Luxembourg,1987,0.22584361
Luxembourg,1988,0.0
Luxembourg,1989,0.0
Luxembourg,1990,0.0
Luxembourg,1991,0.0
Luxembourg,1992,0.0
Luxembourg,1993,0.0
Luxembourg,1994,0.0
Luxembourg,1995,0.0
Luxembourg,1996,0.24130933
Luxembourg,1997,0.0
Luxembourg,1998,0.0
Luxembourg,1999,0.0
Luxembourg,2000,0.0
Luxembourg,2001,0.0
Luxembourg,2002,0.0
Luxembourg,2003,0.5125837
Luxembourg,2004,0.06595695
Luxembourg,2005,0.14333159
Luxembourg,2006,0.043883357
Luxembourg,2007,0.02751754
Luxembourg,2008,0.11213846
Luxembourg,2009,0.22408411
Luxembourg,2010,0.25549206
Luxembourg,2011,0.20970598
Luxembourg,2012,0.33280018
Luxembourg,2013,0.25445467
Luxembourg,2014,0.2860938
Luxembourg,2015,0.6746562
Luxembourg,2016,0.48788387
Luxembourg,2017,0.88405794
Luxembourg,2018,0.66929704
Luxembourg,2019,0.25730953
Luxembourg,2020,0.01967834
Luxembourg,2021,0.32826662
Madagascar,1980,91.45952
Madagascar,1993,97.48364
Madagascar,1997,97.983826
Madagascar,1999,97.76128
Madagascar,2001,95.93288
Madagascar,2005,97.98065
Madagascar,2010,98.053345
Madagascar,2012,98.17712
Malawi,1997,93.78605
Malawi,2004,97.18174
Malawi,2010,96.20037
Malawi,2016,96.84706
Malawi,2019,97.29516
Malaysia,1984,39.235554
Malaysia,1987,40.114902
Malaysia,1989,39.94869
Malaysia,1992,37.06024
Malaysia,1995,35.99471
Malaysia,1997,27.605461
Malaysia,2003,27.815994
Malaysia,2006,22.379272
Malaysia,2008,22.079884
Malaysia,2011,12.898733
Malaysia,2013,6.55225
Malaysia,2015,4.818305
Malaysia,2018,3.3909593
Malaysia,2021,2.2668283
Maldives,2002,71.333374
Maldives,2009,50.49755
Maldives,2016,5.480559
Maldives,2019,3.8848698
Mali,1994,98.01686
Mali,2001,95.60496
Mali,2006,93.74021
Mali,2009,95.93998
Mali,2018,80.95806
Mali,2021,85.85718
Malta,2006,0.82714427
Malta,2007,1.1257546
Malta,2008,0.5894222
Malta,2009,1.0006418
Malta,2010,0.4630603
Malta,2011,0.5631803
Malta,2012,0.4389185
Malta,2013,0.19352913
Malta,2014,0.14190029
Malta,2015,0.288894
Malta,2016,0.29847062
Malta,2017,0.3113678
Malta,2018,0.2830555
Malta,2019,0.6822555
Malta,2020,0.8338295
Marshall Islands,2019,31.51783
Mauritania,1987,89.79957
Mauritania,1993,91.20297
Mauritania,1995,84.00199
Mauritania,2000,80.94244
Mauritania,2004,82.65423
Mauritania,2008,71.63701
Mauritania,2014,66.787796
Mauritania,2019,67.990974
Mauritius,2006,22.79438
Mauritius,2012,19.37313
Mauritius,2017,13.518305
Mexico,1984,53.802647
Mexico,1989,53.500195
Mexico,1992,49.00413
Mexico,1994,47.642776
Mexico,1996,60.400158
Mexico,1998,56.72171
Mexico,2000,49.876587
Mexico,2002,47.04509
Mexico,2004,44.16121
Mexico,2005,42.927883
Mexico,2006,39.660255
Mexico,2008,40.244324
Mexico,2010,40.182083
Mexico,2012,37.342216
Mexico,2014,40.341408
Mexico,2016,31.419191
Mexico,2018,28.796015
Mexico,2020,30.269924
Mexico,2022,21.771826
Micronesia (country),2005,59.741848
Micronesia (country),2013,74.8977
Micronesia (country) (urban),2000,78.36991
Middle East and North Africa (PIP),1990,63.211006
Middle East and North Africa (PIP),1991,64.995
Middle East and North Africa (PIP),1992,63.789703
Middle East and North Africa (PIP),1993,63.27766
Middle East and North Africa (PIP),1994,63.101368
Middle East and North Africa (PIP),1995,63.3515
Middle East and North Africa (PIP),1996,61.72281
Middle East and North Africa (PIP),1997,60.168793
Middle East and North Africa (PIP),1998,57.029026
Middle East and North Africa (PIP),1999,55.87973
Middle East and North Africa (PIP),2000,54.056263
Middle East and North Africa (PIP),2001,54.021824
Middle East and North Africa (PIP),2003,54.812477
Middle East and North Africa (PIP),2004,51.112946
Middle East and North Africa (PIP),2005,50.60143
Middle East and North Africa (PIP),2006,50.06235
Middle East and North Africa (PIP),2007,49.46049
Middle East and North Africa (PIP),2008,48.56331
Middle East and North Africa (PIP),2009,46.892323
Middle East and North Africa (PIP),2010,45.468616
Middle East and North Africa (PIP),2011,44.13036
Middle East and North Africa (PIP),2012,43.964455
Middle East and North Africa (PIP),2013,44.287582
Middle East and North Africa (PIP),2014,44.434063
Middle East and North Africa (PIP),2015,43.868908
Middle East and North Africa (PIP),2016,44.44646
Middle East and North Africa (PIP),2017,44.75697
Middle East and North Africa (PIP),2018,45.118027
Moldova,1997,75.5984
Moldova,1998,83.86139
Moldova,1999,88.445076
Moldova,2000,90.77046
Moldova,2001,85.76266
Moldova,2002,76.91084
Moldova,2003,69.5959
Moldova,2004,70.22169
Moldova,2005,75.25512
Moldova,2006,41.899483
Moldova,2007,32.45222
Moldova,2008,33.995872
Moldova,2009,33.010178
Moldova,2010,30.065006
Moldova,2011,27.017742
Moldova,2012,25.862041
Moldova,2013,21.074924
Moldova,2014,19.855055
Moldova,2015,17.66511
Moldova,2016,17.717724
Moldova,2017,17.489084
Moldova,2018,14.574021
Moldova,2019,14.697258
Moldova,2021,14.41661
Mongolia,1995,79.3018
Mongolia,1998,94.052574
Mongolia,2002,77.086655
Mongolia,2007,50.61641
Mongolia,2010,48.962086
Mongolia,2011,43.740692
Mongolia,2012,34.030483
Mongolia,2014,28.084623
Mongolia,2016,41.860325
Mongolia,2018,38.348087
Mongolia,2022,22.132607
Montenegro,2012,26.30797
Montenegro,2013,23.269638
Montenegro,2014,22.60904
Montenegro,2015,21.251894
Montenegro,2016,17.340017
Montenegro,2017,17.240088
Montenegro,2018,18.46461
Montenegro,2019,15.249843
Montenegro,2020,15.40526
Montenegro,2021,12.192782
Morocco,1984,77.44765
Morocco,1990,59.110714
Morocco,1998,68.439575
Morocco,2000,68.19223
Morocco,2006,59.16947
Morocco,2013,42.103985
Mozambique,1996,97.20956
Mozambique,2002,97.54039
Mozambique,2008,97.02208
Mozambique,2014,93.55645
Mozambique,2019,96.10934
Myanmar,2015,72.83324
Myanmar,2017,68.204605
Namibia,1993,80.407265
Namibia,2003,77.98649
Namibia,2009,73.33392
Namibia,2015,57.319206
Nauru,2012,61.65248
Nepal,1984,98.57786
Nepal,1995,96.56823
Nepal,2003,89.670685
Nepal,2010,80.39642
Netherlands,1983,2.9853399
Netherlands,1987,0.73547566
Netherlands,1990,1.7456565
Netherlands,1993,2.9745288
Netherlands,1999,0.72733957
Netherlands,2004,0.77019024
Netherlands,2005,0.45130146
Netherlands,2006,0.2322434
Netherlands,2007,0.4070524
Netherlands,2008,0.59096926
Netherlands,2009,0.4002139
Netherlands,2010,0.18897267
Netherlands,2011,0.37607855
Netherlands,2012,0.18823262
Netherlands,2013,0.28588238
Netherlands,2014,0.38217857
Netherlands,2015,0.39457405
Netherlands,2016,0.35226965
Netherlands,2017,0.4117699
Netherlands,2018,0.3736439
Netherlands,2019,0.4009587
Netherlands,2020,0.24456568
Netherlands,2021,0.29330617
Nicaragua,1993,79.20195
Nicaragua,1998,74.158646
Nicaragua,2001,69.00671
Nicaragua,2005,61.021606
Nicaragua,2009,57.065804
Nicaragua,2014,42.085842
Niger,1992,99.01242
Niger,1994,98.99552
Niger,2005,98.13417
Niger,2007,97.92612
Niger,2011,97.71384
Niger,2014,96.664276
Niger,2018,94.969315
Niger,2021,96.300446
Nigeria,1985,93.3654
Nigeria,1992,92.359566
Nigeria,1996,92.66802
Nigeria,2003,93.95899
Nigeria,2010,90.81283
Nigeria,2012,90.54178
Nigeria,2015,89.53951
Nigeria,2018,90.8479
North Macedonia,2009,40.791103
North Macedonia,2010,37.799797
North Macedonia,2011,37.196117
North Macedonia,2012,35.726677
North Macedonia,2013,34.123234
North Macedonia,2014,29.806128
North Macedonia,2015,28.760784
North Macedonia,2016,24.949226
North Macedonia,2017,23.062979
North Macedonia,2018,20.801323
North Macedonia,2019,18.97973
Norway,1979,1.2463298
Norway,1986,0.4866951
Norway,1991,0.7228286
Norway,1995,0.7486417
Norway,2000,0.48775077
Norway,2003,0.36014158
Norway,2004,0.57435143
Norway,2005,0.49488148
Norway,2006,0.67345166
Norway,2007,0.5245945
Norway,2008,0.4604795
Norway,2009,0.31347945
Norway,2010,0.3863586
Norway,2011,0.2504034
Norway,2012,0.33607364
Norway,2013,0.4300463
Norway,2014,0.35155132
Norway,2015,0.3785462
Norway,2016,0.73265415
Norway,2017,0.59232986
Norway,2018,0.48678726
Norway,2019,0.5196604
Other high income countries (PIP),1990,2.0816538
Other high income countries (PIP),1991,2.046187
Other high income countries (PIP),1992,2.1463747
Other high income countries (PIP),1993,2.248742
Other high income countries (PIP),1994,2.149152
Other high income countries (PIP),1995,1.9888368
Other high income countries (PIP),1996,1.9524578
Other high income countries (PIP),1997,1.8441538
Other high income countries (PIP),1998,1.8265055
Other high income countries (PIP),1999,1.7078747
Other high income countries (PIP),2000,1.6366653
Other high income countries (PIP),2001,1.5976491
Other high income countries (PIP),2002,1.5434477
Other high income countries (PIP),2003,1.6257988
Other high income countries (PIP),2004,1.5454936
Other high income countries (PIP),2005,1.4967972
Other high income countries (PIP),2006,1.5187097
Other high income countries (PIP),2007,1.3084457
Other high income countries (PIP),2008,1.4686047
Other high income countries (PIP),2009,1.3615708
Other high income countries (PIP),2010,1.3833951
Other high income countries (PIP),2011,1.4728812
Other high income countries (PIP),2012,1.5774446
Other high income countries (PIP),2013,1.6251518
Other high income countries (PIP),2014,1.5668899
Other high income countries (PIP),2015,1.6992807
Other high income countries (PIP),2016,1.5614742
Other high income countries (PIP),2017,1.5192775
Other high income countries (PIP),2018,1.3629439
Other high income countries (PIP),2019,1.3408937
Other high income countries (PIP),2020,1.1802312
Other high income countries (PIP),2021,1.011832
Other high income countries (PIP),2022,0.9729561
Pakistan,1987,97.71549
Pakistan,1990,98.04846
Pakistan,1996,94.7426
Pakistan,1998,93.4385
Pakistan,2001,95.98186
Pakistan,2004,92.1689
Pakistan,2005,92.35886
Pakistan,2007,91.41313
Pakistan,2010,90.384224
Pakistan,2011,89.14215
Pakistan,2013,86.54217
Pakistan,2015,83.767685
Pakistan,2018,84.53192
Palestine,2004,23.580267
Palestine,2005,21.50155
Palestine,2006,19.688906
Palestine,2007,27.707731
Palestine,2009,18.23236
Palestine,2010,18.905983
Palestine,2011,17.586964
Palestine,2016,20.531559
Panama,1979,39.74118
Panama,1989,50.118946
Panama,1991,48.1468
Panama,1995,39.29095
Panama,1997,39.05603
Panama,1998,38.69545
Panama,1999,36.499084
Panama,2000,34.985577
Panama,2001,39.952423
Panama,2002,37.143456
Panama,2003,35.802876
Panama,2004,34.72625
Panama,2005,34.485905
Panama,2006,33.87623
Panama,2007,30.481401
Panama,2008,23.244385
Panama,2009,23.011646
Panama,2010,21.70791
Panama,2011,18.33984
Panama,2012,18.760874
Panama,2013,18.164223
Panama,2014,16.835926
Panama,2015,15.398765
Panama,2016,14.520295
Panama,2017,13.975935
Panama,2018,12.542126
Panama,2019,12.0776205
Panama,2021,12.851942
Panama,2023,12.941328
Papua New Guinea,1996,90.50387
Papua New Guinea,2009,90.20282
Paraguay,1990,21.768887
Paraguay,1995,43.63851
Paraguay,1997,37.997097
Paraguay,1999,41.369904
Paraguay,2001,39.534058
Paraguay,2002,51.67339
Paraguay,2003,44.667133
Paraguay,2004,42.78612
Paraguay,2005,39.147274
Paraguay,2006,43.820927
Paraguay,2007,40.284626
Paraguay,2008,37.24983
Paraguay,2009,35.67435
Paraguay,2010,34.051777
Paraguay,2011,32.24868
Paraguay,2012,26.997849
Paraguay,2013,23.2531
Paraguay,2014,22.645548
Paraguay,2015,22.605844
Paraguay,2016,23.675323
Paraguay,2017,21.037663
Paraguay,2018,19.636253
Paraguay,2019,19.655186
Paraguay,2020,22.310211
Paraguay,2021,20.80903
Paraguay,2022,19.904827
Peru,1997,61.34309
Peru,1998,62.280075
Peru,1999,62.122353
Peru,2000,62.361973
Peru,2001,63.91468
Peru,2002,60.197605
Peru,2003,59.43414
Peru,2004,59.759945
Peru,2005,61.503983
Peru,2006,55.861866
Peru,2007,50.303047
Peru,2008,46.402336
Peru,2009,44.554035
Peru,2010,40.52538
Peru,2011,38.069458
Peru,2012,35.295254
Peru,2013,34.510647
Peru,2014,33.377724
Peru,2015,32.668167
Peru,2016,31.814745
Peru,2017,32.62004
Peru,2018,30.306704
Peru,2019,28.791264
Peru,2020,42.848957
Peru,2021,33.423717
Peru,2022,32.223312
Philippines,1985,86.00298
Philippines,1988,83.74504
Philippines,1991,81.88341
Philippines,1994,81.00052
Philippines,1997,73.51657
Philippines,2000,75.617424
Philippines,2003,73.94793
Philippines,2006,72.64664
Philippines,2009,71.16623
Philippines,2012,71.64019
Philippines,2015,68.06058
Philippines,2018,65.32619
Philippines,2021,69.06882
Poland,1985,7.2229123
Poland,1986,11.245285
Poland,1987,7.064253
Poland,1989,1.8773023
Poland,1992,7.4769244
Poland,1995,21.498827
Poland,1999,12.245333
Poland,2004,16.239204
Poland,2005,12.471111
Poland,2006,9.233163
Poland,2007,5.6572533
Poland,2008,4.5341063
Poland,2009,4.349049
Poland,2010,4.1228046
Poland,2011,3.9847116
Poland,2012,4.303937
Poland,2013,3.8835466
Poland,2014,3.8496256
Poland,2015,3.3758423
Poland,2016,2.3527982
Poland,2017,1.6719133
Poland,2018,1.4437908
Poland,2019,0.8116414
Poland,2020,1.0687112
Poland,2021,0.9323299
Portugal,2003,4.009671
Portugal,2004,3.2764218
Portugal,2005,3.2512949
Portugal,2006,2.9742177
Portugal,2007,2.248816
Portugal,2008,2.9408908
Portugal,2009,2.267035
Portugal,2010,2.5824876
Portugal,2011,3.6864772
Portugal,2012,5.5330687
Portugal,2013,5.4187374
Portugal,2014,4.696145
Portugal,2015,3.6230373
Portugal,2016,3.562627
Portugal,2017,2.3307135
Portugal,2018,2.1150515
Portugal,2019,1.5339354
Portugal,2020,2.6080828
Portugal,2021,1.6525629
Romania,1989,3.7690136
Romania,1992,20.391665
Romania,1994,84.62504
Romania,1995,39.24764
Romania,1997,45.249218
Romania,2006,42.214626
Romania,2007,36.204082
Romania,2008,29.360283
Romania,2009,27.656988
Romania,2010,29.57452
Romania,2011,33.46967
Romania,2012,33.598404
Romania,2013,32.803944
Romania,2014,29.737488
Romania,2015,27.358973
Romania,2016,21.790577
Romania,2017,16.278463
Romania,2018,12.975589
Romania,2019,10.926719
Romania,2020,9.982506
Romania,2021,7.0685005
Russia,1993,33.933105
Russia,1996,33.586136
Russia,1997,29.958424
Russia,1998,35.954536
Russia,1999,48.08975
Russia,2000,42.63298
Russia,2001,35.806488
Russia,2002,30.658916
Russia,2003,28.854221
Russia,2004,25.623676
Russia,2005,22.045166
Russia,2006,18.44595
Russia,2007,13.747212
Russia,2008,9.435622
Russia,2009,9.044608
Russia,2010,7.180496
Russia,2011,6.2394733
Russia,2012,5.5562625
Russia,2013,4.9787054
Russia,2014,4.7435703
Russia,2015,5.536654
Russia,2016,5.5773163
Russia,2017,5.303628
Russia,2018,4.9162292
Russia,2019,4.1554556
Russia,2020,4.079388
Rwanda,2000,96.00985
Rwanda,2005,93.89715
Rwanda,2010,93.42163
Rwanda,2013,92.87585
Rwanda,2016,92.18762
Rwanda (rural),1984,97.94357
Saint Lucia,1995,89.62137
Saint Lucia,2015,25.258259
Samoa,2002,46.683704
Samoa,2008,44.256256
Samoa,2013,43.283382
Sao Tome and Principe,2000,87.001625
Sao Tome and Principe,2010,90.28246
Sao Tome and Principe,2017,79.70421
Senegal,1991,95.17737
Senegal,1994,96.28341
Senegal,2001,94.27274
Senegal,2005,91.91031
Senegal,2011,90.91322
Senegal,2018,74.43521
Senegal,2021,75.62244
Serbia,2012,24.95531
Serbia,2013,28.333494
Serbia,2014,28.171808
Serbia,2015,27.193394
Serbia,2016,24.565046
Serbia,2017,21.699131
Serbia,2018,17.23551
Serbia,2019,12.015986
Serbia,2020,10.116098
Serbia,2021,7.5060487
Seychelles,1999,12.860176
Seychelles,2006,17.717371
Seychelles,2013,9.672046
Seychelles,2018,6.708553
Sierra Leone,1989,93.8877
Sierra Leone,2003,94.803696
Sierra Leone,2011,93.36578
Sierra Leone,2018,89.94393
Slovakia,1992,2.24672
Slovakia,1996,7.746132
Slovakia,2004,8.254516
Slovakia,2005,5.1557593
Slovakia,2006,3.4872108
Slovakia,2007,3.187634
Slovakia,2008,3.8706589
Slovakia,2009,3.859654
Slovakia,2010,3.4454982
Slovakia,2011,2.9623368
Slovakia,2012,4.519705
Slovakia,2013,4.122762
Slovakia,2014,4.8067684
Slovakia,2015,4.2836537
Slovakia,2016,4.2506986
Slovakia,2017,2.692349
Slovakia,2018,3.4041934
Slovakia,2019,1.9777719
Slovakia,2020,1.9331436
Slovakia,2021,2.410459
Slovenia,1987,0.077125244
Slovenia,1993,0.87042356
Slovenia,1997,0.7209485
Slovenia,1999,0.9995114
Slovenia,2004,0.51796126
Slovenia,2005,0.5196491
Slovenia,2006,0.3620185
Slovenia,2007,0.2292146
Slovenia,2008,0.11431689
Slovenia,2009,0.21497032
Slovenia,2010,0.12822212
Slovenia,2011,0.28198776
Slovenia,2012,0.30398935
Slovenia,2013,0.38203028
Slovenia,2014,0.25286335
Slovenia,2015,0.25349796
Slovenia,2016,0.20712209
Slovenia,2017,0.110864356
Slovenia,2018,0.12892397
Slovenia,2019,0.1402966
Slovenia,2020,0.029894885
Slovenia,2021,0.13998424
Solomon Islands,2005,90.99092
Solomon Islands,2012,88.4858
South Africa,1993,71.05397
South Africa,2000,74.29912
South Africa,2005,71.80575
South Africa,2008,62.354214
South Africa,2010,60.871147
South Africa,2014,61.630123
South Asia (PIP),1990,96.6761
South Asia (PIP),1991,96.62595
South Asia (PIP),1992,96.446915
South Asia (PIP),1993,96.386566
South Asia (PIP),1994,96.133385
South Asia (PIP),1995,95.92294
South Asia (PIP),1996,95.64393
South Asia (PIP),2002,94.82926
South Asia (PIP),2003,94.46168
South Asia (PIP),2004,94.00668
South Asia (PIP),2005,93.61229
South Asia (PIP),2006,93.23224
South Asia (PIP),2007,92.88862
South Asia (PIP),2008,92.63819
South Asia (PIP),2009,92.31399
South Asia (PIP),2010,91.465454
South Asia (PIP),2011,90.12087
South Asia (PIP),2012,89.246544
South Asia (PIP),2013,88.58832
South Asia (PIP),2014,88.13344
South Asia (PIP),2015,87.64661
South Asia (PIP),2016,87.26163
South Asia (PIP),2017,85.08713
South Asia (PIP),2018,82.592964
South Asia (PIP),2019,80.63996
South Asia (PIP),2020,82.11752
South Asia (PIP),2021,81.17218
South Asia (PIP),2022,79.17093
South Korea,2006,1.9946523
South Korea,2008,1.7370311
South Korea,2010,2.2300754
South Korea,2012,1.7483083
South Korea,2014,1.4808837
South Korea,2016,1.2280632
South Sudan,2009,81.837555
South Sudan,2016,96.64949
Spain,1980,7.2466416
Spain,1985,7.2282934
Spain,1990,2.993534
Spain,1993,4.4980297
Spain,1994,4.494084
Spain,1995,4.7021294
Spain,1996,5.743879
Spain,1997,4.4940343
Spain,1998,2.9677231
Spain,1999,2.4989119
Spain,2000,2.4431653
Spain,2003,2.2481043
Spain,2004,2.4308696
Spain,2005,2.5520866
Spain,2006,2.6162748
Spain,2007,1.582903
Spain,2008,1.9467863
Spain,2009,2.33014
Spain,2010,2.6924891
Spain,2011,3.0320811
Spain,2012,3.3645172
Spain,2013,3.7940297
Spain,2014,3.349795
Spain,2015,3.4669428
Spain,2016,3.5187588
Spain,2017,2.4811125
Spain,2018,2.685596
Spain,2019,2.7739031
Spain,2020,3.0552766
Spain,2021,1.933566
Sri Lanka,1985,87.613655
Sri Lanka,1990,87.231705
Sri Lanka,1995,82.51481
Sri Lanka,2002,76.77396
Sri Lanka,2006,69.35515
Sri Lanka,2009,67.3986
Sri Lanka,2012,61.45792
Sri Lanka,2016,52.754147
Sri Lanka,2019,49.34548
Sub-Saharan Africa (PIP),1990,90.15938
Sub-Saharan Africa (PIP),1991,90.438255
Sub-Saharan Africa (PIP),1992,90.77541
Sub-Saharan Africa (PIP),1993,91.5411
Sub-Saharan Africa (PIP),1994,91.63504
Sub-Saharan Africa (PIP),1995,91.44095
Sub-Saharan Africa (PIP),1996,91.16299
Sub-Saharan Africa (PIP),1997,91.11821
Sub-Saharan Africa (PIP),1998,91.28801
Sub-Saharan Africa (PIP),1999,91.49682
Sub-Saharan Africa (PIP),2000,91.61444
Sub-Saharan Africa (PIP),2001,91.62325
Sub-Saharan Africa (PIP),2002,91.58424
Sub-Saharan Africa (PIP),2003,91.68054
Sub-Saharan Africa (PIP),2004,91.30724
Sub-Saharan Africa (PIP),2005,90.95828
Sub-Saharan Africa (PIP),2006,90.33821
Sub-Saharan Africa (PIP),2007,90.031105
Sub-Saharan Africa (PIP),2008,89.53817
Sub-Saharan Africa (PIP),2009,89.418526
Sub-Saharan Africa (PIP),2010,88.933136
Sub-Saharan Africa (PIP),2011,88.68353
Sub-Saharan Africa (PIP),2012,88.371864
Sub-Saharan Africa (PIP),2013,88.05088
Sub-Saharan Africa (PIP),2014,87.66832
Sub-Saharan Africa (PIP),2015,87.54259
Sub-Saharan Africa (PIP),2016,87.52589
Sub-Saharan Africa (PIP),2017,87.40155
Sub-Saharan Africa (PIP),2018,87.28587
Sub-Saharan Africa (PIP),2019,87.255135
Sudan,2009,82.80598
Sudan,2014,86.210945
Suriname,2022,17.477573
Suriname (urban),1999,44.451004
Sweden,1975,0.9973258
Sweden,1981,1.2426605
Sweden,1987,0.74574244
Sweden,1992,0.9989664
Sweden,1995,1.498722
Sweden,2000,0.49424338
Sweden,2001,0.49735564
Sweden,2002,0.49517262
Sweden,2003,0.98574597
Sweden,2004,1.0083684
Sweden,2005,1.8221915
Sweden,2006,1.0188011
Sweden,2007,0.85029536
Sweden,2008,1.0438147
Sweden,2009,1.1061996
Sweden,2010,1.3173586
Sweden,2011,1.3661163
Sweden,2012,1.1590099
Sweden,2013,1.2710664
Sweden,2014,1.1139599
Sweden,2015,1.1316193
Sweden,2016,0.94860464
Sweden,2017,0.7648198
Sweden,2018,1.4213794
Sweden,2019,0.9247071
Sweden,2020,0.875973
Sweden,2021,1.4317298
Switzerland,1982,0.9912733
Switzerland,1992,1.2172872
Switzerland,2000,0.4604415
Switzerland,2002,0.24542826
Switzerland,2006,0.44221
Switzerland,2007,0.3830774
Switzerland,2008,0.255898
Switzerland,2009,0.22825631
Switzerland,2010,0.38073772
Switzerland,2011,0.08696533
Switzerland,2012,0.028106714
Switzerland,2013,0.074107096
Switzerland,2014,0.12093341
Switzerland,2015,0.053025555
Switzerland,2016,0.13236634
Switzerland,2017,0.063672684
Switzerland,2018,0.17109391
Switzerland,2019,0.19953285
Switzerland,2020,0.11484956
Syria,1996,61.74482
Syria,2003,48.623165
Syria,2006,46.824745
Syria,2009,47.52247
Syria,2022,96.0476
Taiwan,1981,6.495268
Taiwan,1986,1.4967213
Taiwan,1991,0.24829409
Taiwan,1995,0.9991325
Taiwan,1997,0.24199423
Taiwan,2000,0.24892387
Taiwan,2005,0.2493934
Taiwan,2007,0.24966954
Taiwan,2010,0.74741507
Taiwan,2013,0.49450073
Taiwan,2016,0.24955112
Taiwan,2017,0.24970227
Taiwan,2018,0.24637978
Taiwan,2019,0.4981264
Taiwan,2020,0.24992253
Taiwan,2021,0.2473782
Tajikistan,1999,99.17403
Tajikistan,2003,94.795
Tajikistan,2004,87.66192
Tajikistan,2007,85.025475
Tajikistan,2009,76.28062
Tajikistan,2015,66.37418
Tanzania,1991,98.329834
Tanzania,2000,99.43991
Tanzania,2007,95.275406
Tanzania,2011,93.678604
Tanzania,2018,92.266716
Thailand,1981,76.92346
Thailand,1988,76.22944
Thailand,1990,72.55289
Thailand,1992,66.14855
Thailand,1994,60.433983
Thailand,1996,56.054634
Thailand,1998,54.126347
Thailand,1999,58.273254
Thailand,2000,59.046238
Thailand,2002,50.841522
Thailand,2004,44.341423
Thailand,2006,36.883247
Thailand,2007,34.84536
Thailand,2008,32.735783
Thailand,2009,29.836092
Thailand,2010,27.418524
Thailand,2011,22.949907
Thailand,2012,22.51434
Thailand,2013,19.479084
Thailand,2014,18.739996
Thailand,2015,14.598018
Thailand,2016,15.726259
Thailand,2017,15.121907
Thailand,2018,15.610027
Thailand,2019,13.146917
Thailand,2020,13.181378
Thailand,2021,12.174482
Togo,2006,94.701096
Togo,2011,93.51723
Togo,2015,94.23093
Togo,2018,84.00371
Togo,2021,86.83798
Tonga,2000,34.09605
Tonga,2009,39.461117
Tonga,2015,47.861584
Tonga,2021,21.474054
Trinidad and Tobago,1988,20.29856
Trinidad and Tobago,1992,30.176758
Tunisia,1985,67.31389
Tunisia,1990,60.178627
Tunisia,1995,60.694443
Tunisia,2000,51.16891
Tunisia,2005,42.136444
Tunisia,2010,31.053528
Tunisia,2015,17.946266
Tunisia,2021,16.178192
Turkey,1987,44.62998
Turkey,1994,42.823704
Turkey,2002,38.833733
Turkey,2003,41.9938
Turkey,2004,30.76759
Turkey,2005,28.435865
Turkey,2006,25.943062
Turkey,2007,22.295317
Turkey,2008,18.78679
Turkey,2009,19.173008
Turkey,2010,18.211086
Turkey,2011,15.869498
Turkey,2012,14.81107
Turkey,2013,13.771576
Turkey,2014,12.3841095
Turkey,2015,13.702734
Turkey,2016,11.600144
Turkey,2017,10.31365
Turkey,2018,9.5800085
Turkey,2019,10.144399
Turkey,2020,9.844285
Turkey,2021,7.5813
Turkmenistan,1998,91.25165
Tuvalu,2010,56.600143
Uganda,1989,94.70623
Uganda,1992,96.69525
Uganda,1996,96.15098
Uganda,1999,96.206635
Uganda,2002,95.184044
Uganda,2005,94.18576
Uganda,2009,91.05875
Uganda,2012,89.523575
Uganda,2016,89.965355
Uganda,2019,91.05177
Ukraine,1992,56.18785
Ukraine,1993,57.451447
Ukraine,1995,59.995564
Ukraine,1996,69.41513
Ukraine,2002,61.937054
Ukraine,2003,54.104214
Ukraine,2004,43.862705
Ukraine,2005,31.045004
Ukraine,2006,26.587551
Ukraine,2007,26.421871
Ukraine,2008,16.700733
Ukraine,2009,19.277018
Ukraine,2010,15.1824255
Ukraine,2011,12.424982
Ukraine,2012,10.974534
Ukraine,2013,8.443352
Ukraine,2014,8.996668
Ukraine,2015,14.982154
Ukraine,2016,15.407297
Ukraine,2017,10.774131
Ukraine,2018,9.371918
Ukraine,2019,7.097806
Ukraine,2020,7.062421
United Arab Emirates,2013,0.0
United Kingdom,1968,0.9767088
United Kingdom,1969,1.240481
United Kingdom,1970,1.2302724
United Kingdom,1971,1.4974213
United Kingdom,1972,1.9749999
United Kingdom,1973,0.7272177
United Kingdom,1974,1.2488525
United Kingdom,1975,1.237606
United Kingdom,1976,0.7398254
United Kingdom,1977,1.2146859
United Kingdom,1978,0.7324591
United Kingdom,1979,0.7218251
United Kingdom,1980,0.9823561
United Kingdom,1981,0.9835124
United Kingdom,1982,0.4929835
United Kingdom,1983,0.487673
United Kingdom,1984,0.74471503
United Kingdom,1985,0.7411355
United Kingdom,1986,0.99629825
United Kingdom,1987,0.48619598
United Kingdom,1988,0.4983994
United Kingdom,1989,0.74920344
United Kingdom,1990,0.73347676
United Kingdom,1991,0.74598104
United Kingdom,1992,0.9837699
United Kingdom,1993,0.97920877
United Kingdom,1994,0.9972544
United Kingdom,1995,0.99846953
United Kingdom,1996,0.7475145
United Kingdom,1997,0.7461632
United Kingdom,1998,0.7475066
United Kingdom,1999,0.749755
United Kingdom,2000,0.7388317
United Kingdom,2001,0.7484696
United Kingdom,2002,0.7458238
United Kingdom,2003,0.7435101
United Kingdom,2004,0.48826522
United Kingdom,2005,0.7448169
United Kingdom,2006,0.74751616
United Kingdom,2007,0.7428743
United Kingdom,2008,0.7475171
United Kingdom,2009,0.74709773
United Kingdom,2010,0.7404659
United Kingdom,2011,0.74718964
United Kingdom,2012,0.7470082
United Kingdom,2013,0.49746493
United Kingdom,2014,0.4978321
United Kingdom,2015,0.7286814
United Kingdom,2016,0.74731827
United Kingdom,2017,0.74627644
United Kingdom,2018,0.7442531
United Kingdom,2019,0.7497801
United Kingdom,2020,0.7391625
United Kingdom,2021,0.7377258
United States,1963,4.744514
United States,1964,4.2464542
United States,1965,3.746371
United States,1966,3.9958086
United States,1967,3.2493796
United States,1968,2.7489786
United States,1969,2.4982896
United States,1970,2.999476
United States,1971,2.4999907
United States,1972,2.4993083
United States,1973,2.2466083
United States,1974,2.4985602
United States,1975,2.4927826
United States,1976,1.9981589
United States,1977,1.9993958
United States,1978,2.2499597
United States,1979,1.4972168
United States,1980,1.4966685
United States,1981,1.4967368
United States,1982,1.9986079
United States,1983,1.9976901
United States,1984,1.7450994
United States,1985,1.7489474
United States,1986,1.7491803
United States,1987,1.4991783
United States,1988,1.4999071
United States,1989,1.2491925
United States,1990,1.498996
United States,1991,1.4976262
United States,1992,1.7480761
United States,1993,1.7496355
United States,1994,1.7497834
United States,1995,1.4982635
United States,1996,1.498512
United States,1997,1.4934053
United States,1998,1.4984939
United States,1999,1.4993787
United States,2000,1.4998319
United States,2001,1.7443858
United States,2002,1.745578
United States,2003,1.9981917
United States,2004,1.9991907
United States,2005,1.7474645
United States,2006,1.999842
United States,2007,1.7476735
United States,2008,1.9994423
United States,2009,1.7489145
United States,2010,1.9983547
United States,2011,1.999794
United States,2012,1.9996511
United States,2013,1.999308
United States,2014,1.999902
United States,2015,2.248539
United States,2016,1.9973583
United States,2017,1.9966937
United States,2018,1.7497014
United States,2019,1.7482497
United States,2020,1.2499294
United States,2021,0.99963963
Uruguay,2006,22.332672
Uruguay,2007,19.624218
Uruguay,2008,14.733918
Uruguay,2009,13.562851
Uruguay,2010,12.048121
Uruguay,2011,8.533581
Uruguay,2012,7.821671
Uruguay,2013,7.3686757
Uruguay,2014,6.3145423
Uruguay,2015,5.9503326
Uruguay,2016,5.636565
Uruguay,2017,4.590982
Uruguay,2018,4.9356756
Uruguay,2019,5.0777836
Uruguay,2020,7.177447
Uruguay,2021,6.738051
Uruguay,2022,6.4274006
Uruguay (urban),1981,17.272722
Uruguay (urban),1989,13.555762
Uruguay (urban),1992,11.091799
Uruguay (urban),1995,10.979037
Uruguay (urban),1996,11.604277
Uruguay (urban),1997,11.911071
Uruguay (urban),1998,11.818157
Uruguay (urban),2000,12.484113
Uruguay (urban),2001,14.135328
Uruguay (urban),2002,18.519098
Uruguay (urban),2003,24.5117
Uruguay (urban),2004,25.14714
Uruguay (urban),2005,22.743698
Uzbekistan,1998,95.47072
Uzbekistan,2000,99.01
Uzbekistan,2002,99.14969
Uzbekistan,2003,99.063034
Uzbekistan,2022,17.302217
Vanuatu,2010,78.366554
Vanuatu,2019,76.13349
Venezuela,1981,38.86757
Venezuela,1987,41.852467
Venezuela,1989,32.64696
Venezuela,1992,35.004673
Venezuela,1995,51.160675
Venezuela,1998,48.347958
Venezuela,1999,53.110268
Venezuela,2001,51.23323
Venezuela,2002,60.669605
Venezuela,2003,67.04806
Venezuela,2004,61.4666
Venezuela,2005,51.202385
Venezuela,2006,38.818127
Vietnam,1992,94.299255
Vietnam,1997,88.97627
Vietnam,2002,88.907036
Vietnam,2004,84.168335
Vietnam,2006,79.78909
Vietnam,2008,77.69815
Vietnam,2010,46.738422
Vietnam,2012,40.702652
Vietnam,2014,34.876587
Vietnam,2016,27.12825
Vietnam,2018,22.23877
Vietnam,2020,18.721575
Vietnam,2022,19.747551
Western and Central Africa (PIP),1990,92.79515
Western and Central Africa (PIP),1991,93.12833
Western and Central Africa (PIP),1992,93.13004
Western and Central Africa (PIP),1993,93.487946
Western and Central Africa (PIP),1994,93.55295
Western and Central Africa (PIP),1995,93.522606
Western and Central Africa (PIP),1996,93.27304
Western and Central Africa (PIP),1997,93.22564
Western and Central Africa (PIP),1998,93.33045
Western and Central Africa (PIP),1999,93.39619
Western and Central Africa (PIP),2001,93.33923
Western and Central Africa (PIP),2002,93.04217
Western and Central Africa (PIP),2003,92.9484
Western and Central Africa (PIP),2004,92.538956
Western and Central Africa (PIP),2005,92.21874
Western and Central Africa (PIP),2006,91.90133
Western and Central Africa (PIP),2008,91.16759
Western and Central Africa (PIP),2009,90.84682
Western and Central Africa (PIP),2010,90.17916
Western and Central Africa (PIP),2011,89.999985
Western and Central Africa (PIP),2012,89.27326
Western and Central Africa (PIP),2013,88.58257
Western and Central Africa (PIP),2014,87.79005
Western and Central Africa (PIP),2015,87.73597
Western and Central Africa (PIP),2016,87.41787
Western and Central Africa (PIP),2017,86.76983
Western and Central Africa (PIP),2018,86.203476
Western and Central Africa (PIP),2019,85.84611
World,1990,69.45747
World,1991,69.80951
World,1992,70.20044
World,1993,70.74334
World,1994,70.71454
World,1995,70.04347
World,1996,70.06098
World,1997,69.604
World,1998,69.47023
World,1999,69.987495
World,2000,69.140656
World,2001,68.45523
World,2002,67.46713
World,2003,66.903694
World,2004,65.58885
World,2005,64.30865
World,2006,63.000614
World,2007,61.601288
World,2008,60.50769
World,2009,59.509857
World,2010,57.859207
World,2011,56.40127
World,2012,55.09789
World,2013,53.360428
World,2014,52.186214
World,2015,51.04053
World,2016,50.120266
World,2017,49.029316
World,2018,47.56508
World,2019,46.448128
World,2020,47.257202
World,2021,46.356533
World,2022,45.604645
World (excluding China),1990,61.395466
World (excluding China),1991,61.93354
World (excluding China),1992,62.57353
World (excluding China),1993,63.432896
World (excluding China),1994,63.62465
World (excluding China),1995,63.024025
World (excluding China),1996,63.323204
World (excluding China),1997,62.975727
World (excluding China),1998,63.042385
World (excluding China),1999,63.955967
World (excluding China),2000,63.37262
World (excluding China),2001,63.072796
World (excluding China),2002,62.523693
World (excluding China),2003,62.46779
World (excluding China),2004,61.531006
World (excluding China),2005,60.775864
World (excluding China),2006,59.898663
World (excluding China),2007,59.02975
World (excluding China),2008,58.33523
World (excluding China),2009,57.870262
World (excluding China),2010,56.75668
World (excluding China),2011,55.822796
World (excluding China),2012,55.334377
World (excluding China),2013,54.778057
World (excluding China),2014,54.46453
World (excluding China),2015,54.060627
World (excluding China),2016,53.73481
World (excluding China),2017,52.87897
World (excluding China),2018,51.935978
World (excluding China),2019,51.27734
World (excluding China),2020,52.23248
World (excluding China),2021,52.079254
World (excluding China),2022,51.170834
World (excluding India),1990,64.11041
World (excluding India),1991,64.49472
World (excluding India),1992,64.93368
World (excluding India),1993,65.55566
World (excluding India),1994,65.5076
World (excluding India),1995,64.70328
World (excluding India),1996,64.73002
World (excluding India),1997,64.17237
World (excluding India),1998,64.00861
World (excluding India),1999,64.646225
World (excluding India),2000,63.61853
World (excluding India),2001,62.78221
World (excluding India),2002,61.57802
World (excluding India),2003,60.91365
World (excluding India),2004,59.34747
World (excluding India),2005,57.822197
World (excluding India),2006,56.281696
World (excluding India),2007,54.62817
World (excluding India),2008,53.314453
World (excluding India),2009,52.155125
World (excluding India),2010,50.371586
World (excluding India),2011,48.89816
World (excluding India),2012,47.489216
World (excluding India),2013,45.490627
World (excluding India),2014,44.115788
World (excluding India),2015,42.785007
World (excluding India),2016,41.708218
World (excluding India),2017,40.932888
World (excluding India),2018,39.79577
World (excluding India),2019,38.97974
World (excluding India),2020,39.51176
World (excluding India),2021,38.570957
World (excluding India),2022,38.133503
Yemen,1998,69.114426
Yemen,2005,81.719055
Yemen,2014,85.379135
Zambia,1991,88.61415
Zambia,1993,91.8034
Zambia,1996,88.802216
Zambia,1998,89.30223
Zambia,2002,94.96018
Zambia,2004,91.888626
Zambia,2006,92.57334
Zambia,2010,92.50811
Zambia,2015,91.01535
Zambia,2022,93.16656
Zimbabwe,2011,77.945114
Zimbabwe,2017,84.109024
Zimbabwe,2019,85.01632
